C1,C2,C3,C4,C5,C6,C7,C8,C9,C11,C12,C10,C13,C14,C15,class
b,30.83,0.0,u,g,w,v,1.25,t,1,f,t,g,00202,0,normal
a,58.67,4.46,u,g,q,h,3.04,t,6,f,t,g,00043,560,normal
a,24.50,0.5,u,g,q,h,1.5,t,0,f,f,g,00280,824,normal
b,27.83,1.54,u,g,w,v,3.75,t,5,t,t,g,00100,3,normal
b,20.17,5.625,u,g,w,v,1.71,t,0,f,f,s,00120,0,normal
b,32.08,4.0,u,g,m,v,2.5,t,0,t,f,g,00360,0,normal
b,33.17,1.04,u,g,r,h,6.5,t,0,t,f,g,00164,31285,normal
a,22.92,11.585,u,g,cc,v,0.04,t,0,f,f,g,00080,1349,normal
b,54.42,0.5,y,p,k,h,3.96,t,0,f,f,g,00180,314,normal
b,42.50,4.915,y,p,w,v,3.165,t,0,t,f,g,00052,1442,normal
b,22.08,0.83,u,g,c,h,2.165,f,0,t,f,g,00128,0,normal
b,29.92,1.835,u,g,c,h,4.335,t,0,f,f,g,00260,200,normal
a,38.25,6.0,u,g,k,v,1.0,t,0,t,f,g,00000,0,normal
b,48.08,6.04,u,g,k,v,0.04,f,0,f,f,g,00000,2690,normal
a,45.83,10.5,u,g,q,v,5.0,t,7,t,t,g,00000,0,normal
b,36.67,4.415,y,p,k,v,0.25,t,10,t,t,g,00320,0,normal
b,28.25,0.875,u,g,m,v,0.96,t,3,t,t,g,00396,0,normal
a,23.25,5.875,u,g,q,v,3.17,t,10,f,t,g,00120,245,normal
b,21.83,0.25,u,g,d,h,0.665,t,0,t,f,g,00000,0,normal
a,19.17,8.585,u,g,cc,h,0.75,t,7,f,t,g,00096,0,normal
b,25.00,11.25,u,g,c,v,2.5,t,17,f,t,g,00200,1208,normal
b,23.25,1.0,u,g,c,v,0.835,t,0,f,f,s,00300,0,normal
a,47.75,8.0,u,g,c,v,7.875,t,6,t,t,g,00000,1260,normal
a,27.42,14.5,u,g,x,h,3.085,t,1,f,t,g,00120,11,normal
a,41.17,6.5,u,g,q,v,0.5,t,3,t,t,g,00145,0,normal
a,15.83,0.585,u,g,c,h,1.5,t,2,f,t,g,00100,0,normal
a,47.00,13.0,u,g,i,bb,5.165,t,9,t,t,g,00000,0,normal
b,56.58,18.5,u,g,d,bb,15.0,t,17,t,t,g,00000,0,normal
b,57.42,8.5,u,g,e,h,7.0,t,3,f,t,g,00000,0,normal
b,42.08,1.04,u,g,w,v,5.0,t,6,t,t,g,00500,10000,normal
b,29.25,14.79,u,g,aa,v,5.04,t,5,t,t,g,00168,0,normal
b,42.00,9.79,u,g,x,h,7.96,t,8,f,t,g,00000,0,normal
b,49.50,7.585,u,g,i,bb,7.585,t,15,t,t,g,00000,5000,normal
a,36.75,5.125,u,g,e,v,5.0,t,0,t,f,g,00000,4000,normal
a,22.58,10.75,u,g,q,v,0.415,t,5,t,t,g,00000,560,normal
b,27.83,1.5,u,g,w,v,2.0,t,11,t,t,g,00434,35,normal
b,27.25,1.585,u,g,cc,h,1.835,t,12,t,t,g,00583,713,normal
a,23.00,11.75,u,g,x,h,0.5,t,2,t,t,g,00300,551,normal
b,27.75,0.585,y,p,cc,v,0.25,t,2,f,t,g,00260,500,normal
b,54.58,9.415,u,g,ff,ff,14.415,t,11,t,t,g,00030,300,normal
b,34.17,9.17,u,g,c,v,4.5,t,12,t,t,g,00000,221,normal
b,28.92,15.0,u,g,c,h,5.335,t,11,f,t,g,00000,2283,normal
b,29.67,1.415,u,g,w,h,0.75,t,1,f,t,g,00240,100,normal
b,39.58,13.915,u,g,w,v,8.625,t,6,t,t,g,00070,0,normal
b,56.42,28.0,y,p,c,v,28.5,t,40,f,t,g,00000,15,normal
b,54.33,6.75,u,g,c,h,2.625,t,11,t,t,g,00000,284,normal
a,41.00,2.04,y,p,q,h,0.125,t,23,t,t,g,00455,1236,normal
b,31.92,4.46,u,g,cc,h,6.04,t,3,f,t,g,00311,300,normal
b,41.50,1.54,u,g,i,bb,3.5,f,0,f,f,g,00216,0,normal
b,23.92,0.665,u,g,c,v,0.165,f,0,f,f,g,00100,0,normal
a,25.75,0.5,u,g,c,h,0.875,t,0,t,f,g,00491,0,normal
b,26.00,1.0,u,g,q,v,1.75,t,0,t,f,g,00280,0,normal
b,37.42,2.04,u,g,w,v,0.04,t,0,t,f,g,00400,5800,normal
b,34.92,2.5,u,g,w,v,0.0,t,0,t,f,g,00239,200,normal
b,34.25,3.0,u,g,cc,h,7.415,t,0,t,f,g,00000,0,normal
b,23.33,11.625,y,p,w,v,0.835,t,0,t,f,g,00160,300,normal
b,23.17,0.0,u,g,cc,v,0.085,t,0,f,f,g,00000,0,normal
b,44.33,0.5,u,g,i,h,5.0,t,0,t,f,g,00320,0,normal
b,35.17,4.5,u,g,x,h,5.75,f,0,t,f,s,00711,0,normal
b,43.25,3.0,u,g,q,h,6.0,t,11,f,t,g,00080,0,normal
b,56.75,12.25,u,g,m,v,1.25,t,4,t,t,g,00200,0,normal
b,31.67,16.165,u,g,d,v,3.0,t,9,f,t,g,00250,730,normal
a,23.42,0.79,y,p,q,v,1.5,t,2,t,t,g,00080,400,normal
a,20.42,0.835,u,g,q,v,1.585,t,1,f,t,g,00000,0,normal
b,26.67,4.25,u,g,cc,v,4.29,t,1,t,t,g,00120,0,normal
b,34.17,1.54,u,g,cc,v,1.54,t,1,t,t,g,00520,50000,normal
a,36.00,1.0,u,g,c,v,2.0,t,11,f,t,g,00000,456,normal
b,25.50,0.375,u,g,m,v,0.25,t,3,f,t,g,00260,15108,normal
b,19.42,6.5,u,g,w,h,1.46,t,7,f,t,g,00080,2954,normal
b,35.17,25.125,u,g,x,h,1.625,t,1,t,t,g,00515,500,normal
b,52.50,6.5,u,g,k,v,6.29,t,15,f,t,g,00000,11202,normal
b,57.83,7.04,u,g,m,v,14.0,t,6,t,t,g,00360,1332,normal
a,20.75,10.335,u,g,cc,h,0.335,t,1,t,t,g,00080,50,normal
b,39.92,6.21,u,g,q,v,0.04,t,1,f,t,g,00200,300,normal
b,25.67,12.5,u,g,cc,v,1.21,t,67,t,t,g,00140,258,normal
a,24.75,12.5,u,g,aa,v,1.5,t,12,t,t,g,00120,567,normal
a,44.17,6.665,u,g,q,v,7.375,t,3,t,t,g,00000,0,normal
a,23.50,9.0,u,g,q,v,8.5,t,5,t,t,g,00120,0,normal
b,34.92,5.0,u,g,x,h,7.5,t,6,t,t,g,00000,1000,normal
b,47.67,2.5,u,g,m,bb,2.5,t,12,t,t,g,00410,2510,normal
b,22.75,11.0,u,g,q,v,2.5,t,7,t,t,g,00100,809,normal
b,34.42,4.25,u,g,i,bb,3.25,t,2,f,t,g,00274,610,normal
a,28.42,3.5,u,g,w,v,0.835,t,0,f,f,s,00280,0,normal
b,67.75,5.5,u,g,e,z,13.0,t,1,t,t,g,00000,0,normal
b,20.42,1.835,u,g,c,v,2.25,t,1,f,t,g,00100,150,normal
a,47.42,8.0,u,g,e,bb,6.5,t,6,f,t,g,00375,51100,normal
b,36.25,5.0,u,g,c,bb,2.5,t,6,f,t,g,00000,367,normal
b,32.67,5.5,u,g,q,h,5.5,t,12,t,t,g,00408,1000,normal
b,48.58,6.5,u,g,q,h,6.0,t,0,t,f,g,00350,0,normal
b,39.92,0.54,y,p,aa,v,0.5,t,3,f,t,g,00200,1000,normal
b,33.58,2.75,u,g,m,v,4.25,t,6,f,t,g,00204,0,normal
a,18.83,9.5,u,g,w,v,1.625,t,6,t,t,g,00040,600,normal
a,26.92,13.5,u,g,q,h,5.0,t,2,f,t,g,00000,5000,normal
a,31.25,3.75,u,g,cc,h,0.625,t,9,t,t,g,00181,0,normal
a,56.50,16.0,u,g,j,ff,0.0,t,15,f,t,g,00000,247,normal
b,43.00,0.29,y,p,cc,h,1.75,t,8,f,t,g,00100,375,normal
b,22.33,11.0,u,g,w,v,2.0,t,1,f,t,g,00080,278,normal
b,27.25,1.665,u,g,cc,h,5.085,t,9,f,t,g,00399,827,normal
b,32.83,2.5,u,g,cc,h,2.75,t,6,f,t,g,00160,2072,normal
b,23.25,1.5,u,g,q,v,2.375,t,3,t,t,g,00000,582,normal
a,40.33,7.54,y,p,q,h,8.0,t,14,f,t,g,00000,2300,normal
a,30.50,6.5,u,g,c,bb,4.0,t,7,t,t,g,00000,3065,normal
a,52.83,15.0,u,g,c,v,5.5,t,14,f,t,g,00000,2200,normal
a,46.67,0.46,u,g,cc,h,0.415,t,11,t,t,g,00440,6,normal
a,58.33,10.0,u,g,q,v,4.0,t,14,f,t,g,00000,1602,normal
b,37.33,6.5,u,g,m,h,4.25,t,12,t,t,g,00093,0,normal
b,23.08,2.5,u,g,c,v,1.085,t,11,t,t,g,00060,2184,normal
b,32.75,1.5,u,g,cc,h,5.5,t,3,t,t,g,00000,0,normal
a,21.67,11.5,y,p,j,j,0.0,t,11,t,t,g,00000,0,normal
a,28.50,3.04,y,p,x,h,2.54,t,1,f,t,g,00070,0,normal
a,68.67,15.0,u,g,e,z,0.0,t,14,f,t,g,00000,3376,normal
b,28.00,2.0,u,g,k,h,4.165,t,2,t,t,g,00181,0,normal
b,34.08,0.08,y,p,m,bb,0.04,t,1,t,t,g,00280,2000,normal
b,27.67,2.0,u,g,x,h,1.0,t,4,f,t,g,00140,7544,normal
b,44.00,2.0,u,g,m,v,1.75,t,2,t,t,g,00000,15,normal
b,25.08,1.71,u,g,x,v,1.665,t,1,t,t,g,00395,20,normal
b,32.00,1.75,y,p,e,h,0.04,t,0,t,f,g,00393,0,normal
a,60.58,16.5,u,g,q,v,11.0,t,0,t,f,g,00021,10561,normal
a,40.83,10.0,u,g,q,h,1.75,t,0,f,f,g,00029,837,normal
b,19.33,9.5,u,g,q,v,1.0,t,0,t,f,g,00060,400,normal
a,32.33,0.54,u,g,cc,v,0.04,t,0,f,f,g,00440,11177,normal
b,36.67,3.25,u,g,q,h,9.0,t,0,t,f,g,00102,639,normal
b,37.50,1.125,y,p,d,v,1.5,f,0,t,f,g,00431,0,normal
a,25.08,2.54,y,p,aa,v,0.25,t,0,t,f,g,00370,0,normal
b,41.33,0.0,u,g,c,bb,15.0,t,0,f,f,g,00000,0,normal
b,56.00,12.5,u,g,k,h,8.0,t,0,t,f,g,00024,2028,normal
a,49.83,13.585,u,g,k,h,8.5,t,0,t,f,g,00000,0,normal
b,22.67,10.5,u,g,q,h,1.335,t,0,f,f,g,00100,0,normal
b,27.00,1.5,y,p,w,v,0.375,t,0,t,f,g,00260,1065,normal
b,25.00,12.5,u,g,aa,v,3.0,t,0,t,f,s,00020,0,normal
a,26.08,8.665,u,g,aa,v,1.415,t,0,f,f,g,00160,150,normal
a,18.42,9.25,u,g,q,v,1.21,t,4,f,t,g,00060,540,normal
b,20.17,8.17,u,g,aa,v,1.96,t,14,f,t,g,00060,158,normal
b,47.67,0.29,u,g,c,bb,15.0,t,20,f,t,g,00000,15000,normal
a,21.25,2.335,u,g,i,bb,0.5,t,4,f,t,s,00080,0,normal
a,20.67,3.0,u,g,q,v,0.165,t,3,f,t,g,00100,6,normal
a,57.08,19.5,u,g,c,v,5.5,t,7,f,t,g,00000,3000,normal
a,22.42,5.665,u,g,q,v,2.585,t,7,f,t,g,00129,3257,normal
b,48.75,8.5,u,g,c,h,12.5,t,9,f,t,g,00181,1655,normal
b,40.00,6.5,u,g,aa,bb,3.5,t,1,f,t,g,00000,500,normal
b,40.58,5.0,u,g,c,v,5.0,t,7,f,t,g,00000,3065,normal
a,28.67,1.04,u,g,c,v,2.5,t,5,t,t,g,00300,1430,normal
a,33.08,4.625,u,g,q,h,1.625,t,2,f,t,g,00000,0,normal
b,21.33,10.5,u,g,c,v,3.0,t,0,t,f,g,00000,0,normal
b,42.00,0.205,u,g,i,h,5.125,t,0,f,f,g,00400,0,normal
b,41.75,0.96,u,g,x,v,2.5,t,0,f,f,g,00510,600,normal
b,22.67,1.585,y,p,w,v,3.085,t,6,f,t,g,00080,0,normal
b,34.50,4.04,y,p,i,bb,8.5,t,7,t,t,g,00195,0,normal
b,28.25,5.04,y,p,c,bb,1.5,t,8,t,t,g,00144,7,normal
b,33.17,3.165,y,p,x,v,3.165,t,3,t,t,g,00380,0,normal
b,48.17,7.625,u,g,w,h,15.5,t,12,f,t,g,00000,790,normal
b,27.58,2.04,y,p,aa,v,2.0,t,3,t,t,g,00370,560,normal
b,22.58,10.04,u,g,x,v,0.04,t,9,f,t,g,00060,396,normal
a,24.08,0.5,u,g,q,h,1.25,t,1,f,t,g,00000,678,normal
a,41.33,1.0,u,g,i,bb,2.25,t,0,t,f,g,00000,300,normal
b,24.83,2.75,u,g,c,v,2.25,t,6,f,t,g,?,600,normal
a,20.75,10.25,u,g,q,v,0.71,t,2,t,t,g,00049,0,normal
b,36.33,2.125,y,p,w,v,0.085,t,1,f,t,g,00050,1187,normal
a,35.42,12.0,u,g,q,h,14.0,t,8,f,t,g,00000,6590,normal
a,71.58,0.0,?,?,?,?,0.0,f,0,f,f,p,?,0,normal
b,28.67,9.335,u,g,q,h,5.665,t,6,f,t,g,00381,168,normal
b,35.17,2.5,u,g,k,v,4.5,t,7,f,t,g,00150,1270,normal
b,39.50,4.25,u,g,c,bb,6.5,t,16,f,t,g,00117,1210,normal
b,39.33,5.875,u,g,cc,h,10.0,t,14,t,t,g,00399,0,normal
b,24.33,6.625,y,p,d,v,5.5,t,0,t,f,s,00100,0,normal
b,60.08,14.5,u,g,ff,ff,18.0,t,15,t,t,g,00000,1000,normal
b,23.08,11.5,u,g,i,v,3.5,t,9,f,t,g,00056,742,normal
b,26.67,2.71,y,p,cc,v,5.25,t,1,f,t,g,00211,0,normal
b,48.17,3.5,u,g,aa,v,3.5,t,0,f,f,s,00230,0,normal
b,41.17,4.04,u,g,cc,h,7.0,t,8,f,t,g,00320,0,normal
b,55.92,11.5,u,g,ff,ff,5.0,t,5,f,t,g,00000,8851,normal
b,53.92,9.625,u,g,e,v,8.665,t,5,f,t,g,00000,0,normal
a,18.92,9.25,y,p,c,v,1.0,t,4,t,t,g,00080,500,normal
a,50.08,12.54,u,g,aa,v,2.29,t,3,t,t,g,00156,0,normal
b,65.42,11.0,u,g,e,z,20.0,t,7,t,t,g,00022,0,normal
a,17.58,9.0,u,g,aa,v,1.375,t,0,t,f,g,00000,0,normal
a,18.83,9.54,u,g,aa,v,0.085,t,0,f,f,g,00100,0,normal
a,37.75,5.5,u,g,q,v,0.125,t,0,t,f,g,00228,0,normal
b,23.25,4.0,u,g,c,bb,0.25,t,0,t,f,g,00160,0,normal
b,18.08,5.5,u,g,k,v,0.5,t,0,f,f,g,00080,0,normal
a,22.50,8.46,y,p,x,v,2.46,f,0,f,f,g,00164,0,normal
b,19.67,0.375,u,g,q,v,2.0,t,2,t,t,g,00080,0,normal
b,22.08,11.0,u,g,cc,v,0.665,t,0,f,f,g,00100,0,normal
b,25.17,3.5,u,g,cc,v,0.625,t,7,f,t,g,00000,7059,normal
a,47.42,3.0,u,g,x,v,13.875,t,2,t,t,g,00519,1704,normal
b,33.50,1.75,u,g,x,h,4.5,t,4,t,t,g,00253,857,normal
b,27.67,13.75,u,g,w,v,5.75,t,0,t,f,g,00487,500,normal
a,58.42,21.0,u,g,i,bb,10.0,t,13,f,t,g,00000,6700,normal
a,20.67,1.835,u,g,q,v,2.085,t,5,f,t,g,00220,2503,normal
b,26.17,0.25,u,g,i,bb,0.0,t,0,t,f,g,00000,0,normal
b,21.33,7.5,u,g,aa,v,1.415,t,1,f,t,g,00080,9800,normal
b,42.83,4.625,u,g,q,v,4.58,t,0,f,f,s,00000,0,normal
b,38.17,10.125,u,g,x,v,2.5,t,6,f,t,g,00520,196,normal
b,20.50,10.0,y,p,c,v,2.5,t,0,f,f,s,00040,0,normal
b,48.25,25.085,u,g,w,v,1.75,t,3,f,t,g,00120,14,normal
b,28.33,5.0,u,g,w,v,11.0,t,0,t,f,g,00070,0,normal
a,18.75,7.5,u,g,q,v,2.71,t,5,f,t,g,?,26726,normal
b,18.50,2.0,u,g,i,v,1.5,t,2,f,t,g,00120,300,normal
b,33.17,3.04,y,p,c,h,2.04,t,1,t,t,g,00180,18027,normal
b,45.00,8.5,u,g,cc,h,14.0,t,1,t,t,g,00088,2000,normal
a,19.67,0.21,u,g,q,h,0.29,t,11,f,t,g,00080,99,normal
?,24.50,12.75,u,g,c,bb,4.75,t,2,f,t,g,00073,444,normal
b,21.83,11.0,u,g,x,v,0.29,t,6,f,t,g,00121,0,normal
b,40.25,21.5,u,g,e,z,20.0,t,11,f,t,g,00000,1200,normal
b,41.42,5.0,u,g,q,h,5.0,t,6,t,t,g,00470,0,normal
a,17.83,11.0,u,g,x,h,1.0,t,11,f,t,g,00000,3000,normal
b,23.17,11.125,u,g,x,h,0.46,t,1,f,t,g,00100,0,normal
b,59.67,1.54,u,g,q,v,0.125,t,0,t,f,g,00260,0,normal
b,18.00,0.165,u,g,q,n,0.21,f,0,f,f,g,00200,40,normal
b,37.58,0.0,?,?,?,?,0.0,f,0,f,f,p,?,0,normal
b,17.50,22.0,l,gg,ff,o,0.0,f,0,t,f,p,00450,100000,normal
b,19.17,0.0,y,p,m,bb,0.0,f,0,t,f,s,00500,1,normal
b,36.75,0.125,y,p,c,v,1.5,f,0,t,f,g,00232,113,normal
b,21.25,1.5,u,g,w,v,1.5,f,0,f,f,g,00150,8,normal
a,18.08,0.375,l,gg,cc,ff,10.0,f,0,t,f,s,00300,0,normal
a,33.67,0.375,u,g,cc,v,0.375,f,0,f,f,g,00300,44,normal
b,48.58,0.205,y,p,k,v,0.25,t,11,f,t,g,00380,2732,normal
b,22.08,11.46,u,g,k,v,1.585,f,0,t,f,g,00100,1212,anomaly
b,34.00,5.5,y,p,c,v,1.5,f,0,t,f,g,00060,0,anomaly
b,22.58,1.5,y,p,aa,v,0.54,f,0,t,f,g,00120,67,anomaly
b,21.17,0.0,u,g,c,v,0.5,f,0,t,f,s,00000,0,anomaly
b,26.67,14.585,u,g,i,bb,0.0,f,0,t,f,g,00178,0,anomaly
b,22.92,0.17,u,g,m,v,0.085,f,0,f,f,s,00000,0,anomaly
b,15.17,7.0,u,g,e,v,1.0,f,0,f,f,g,00600,0,anomaly
b,39.92,5.0,u,g,i,bb,0.21,f,0,f,f,g,00550,0,anomaly
b,27.42,12.5,u,g,aa,bb,0.25,f,0,t,f,g,00720,0,anomaly
b,24.75,0.54,u,g,m,v,1.0,f,0,t,f,g,00120,1,anomaly
b,41.17,1.25,y,p,w,v,0.25,f,0,f,f,g,00000,195,anomaly
a,33.08,1.625,u,g,d,v,0.54,f,0,t,f,g,00000,0,anomaly
b,29.83,2.04,y,p,x,h,0.04,f,0,f,f,g,00128,1,anomaly
a,23.58,0.585,y,p,ff,ff,0.125,f,0,f,f,g,00120,87,anomaly
b,26.17,12.5,y,p,k,h,1.25,f,0,t,f,g,00000,17,anomaly
b,31.00,2.085,u,g,c,v,0.085,f,0,f,f,g,00300,0,anomaly
b,20.75,5.085,y,p,j,v,0.29,f,0,f,f,g,00140,184,anomaly
b,28.92,0.375,u,g,c,v,0.29,f,0,f,f,g,00220,140,anomaly
a,51.92,6.5,u,g,i,bb,3.085,f,0,t,f,g,00073,0,anomaly
a,22.67,0.335,u,g,q,v,0.75,f,0,f,f,s,00160,0,anomaly
b,34.00,5.085,y,p,i,bb,1.085,f,0,t,f,g,00480,0,anomaly
a,69.50,6.0,u,g,ff,ff,0.0,f,0,f,f,s,00000,0,anomaly
a,40.33,8.125,y,p,k,v,0.165,f,2,f,t,g,?,18,anomaly
a,19.58,0.665,y,p,c,v,1.0,f,1,f,t,g,02000,2,anomaly
b,16.00,3.125,u,g,w,v,0.085,f,1,f,t,g,00000,6,anomaly
b,17.08,0.25,u,g,q,v,0.335,f,4,f,t,g,00160,8,anomaly
b,31.25,2.835,u,g,ff,ff,0.0,f,5,f,t,g,00176,146,anomaly
b,25.17,3.0,u,g,c,v,1.25,f,1,f,t,g,00000,22,anomaly
a,22.67,0.79,u,g,i,v,0.085,f,0,f,f,g,00144,0,anomaly
b,40.58,1.5,u,g,i,bb,0.0,f,0,f,f,s,00300,0,anomaly
b,22.25,0.46,u,g,k,v,0.125,f,0,t,f,g,00280,55,anomaly
a,22.25,1.25,y,p,ff,ff,3.25,f,0,f,f,g,00280,0,anomaly
b,22.50,0.125,y,p,k,v,0.125,f,0,f,f,g,00200,70,anomaly
b,23.58,1.79,u,g,c,v,0.54,f,0,t,f,g,00136,1,anomaly
b,38.42,0.705,u,g,c,v,0.375,f,2,f,t,g,00225,500,anomaly
a,26.58,2.54,y,p,ff,ff,0.0,f,0,t,f,g,00180,60,anomaly
b,35.00,2.5,u,g,i,v,1.0,f,0,t,f,g,00210,0,anomaly
b,20.42,1.085,u,g,q,v,1.5,f,0,f,f,g,00108,7,anomaly
b,29.42,1.25,u,g,w,v,1.75,f,0,f,f,g,00200,0,anomaly
b,26.17,0.835,u,g,cc,v,1.165,f,0,f,f,g,00100,0,anomaly
b,33.67,2.165,u,g,c,v,1.5,f,0,f,f,p,00120,0,anomaly
b,24.58,1.25,u,g,c,v,0.25,f,0,f,f,g,00110,0,anomaly
a,27.67,2.04,u,g,w,v,0.25,f,0,t,f,g,00180,50,anomaly
b,37.50,0.835,u,g,e,v,0.04,f,0,f,f,g,00120,5,anomaly
b,49.17,2.29,u,g,ff,ff,0.29,f,0,f,f,g,00200,3,anomaly
b,33.58,0.335,y,p,cc,v,0.085,f,0,f,f,g,00180,0,anomaly
b,51.83,3.0,y,p,ff,ff,1.5,f,0,f,f,g,00180,4,anomaly
b,22.92,3.165,y,p,c,v,0.165,f,0,f,f,g,00160,1058,anomaly
b,21.83,1.54,u,g,k,v,0.085,f,0,t,f,g,00356,0,anomaly
b,25.25,1.0,u,g,aa,v,0.5,f,0,f,f,g,00200,0,anomaly
b,58.58,2.71,u,g,c,v,2.415,f,0,t,f,g,00320,0,anomaly
b,19.00,0.0,y,p,ff,ff,0.0,f,4,f,t,g,00045,1,anomaly
b,19.58,0.585,u,g,ff,ff,0.0,f,3,f,t,g,00350,769,anomaly
a,53.33,0.165,u,g,ff,ff,0.0,f,0,t,f,s,00062,27,anomaly
a,27.17,1.25,u,g,ff,ff,0.0,f,1,f,t,g,00092,300,anomaly
b,25.92,0.875,u,g,k,v,0.375,f,2,t,t,g,00174,3,anomaly
b,23.08,0.0,u,g,k,v,1.0,f,11,f,t,s,00000,0,anomaly
b,39.58,5.0,u,g,ff,ff,0.0,f,2,f,t,g,00017,1,anomaly
b,30.58,2.71,y,p,m,v,0.125,f,0,t,f,s,00080,0,anomaly
b,17.25,3.0,u,g,k,v,0.04,f,0,t,f,g,00160,40,anomaly
a,17.67,0.0,y,p,j,ff,0.0,f,0,f,f,g,00086,0,anomaly
a,?,11.25,u,g,ff,ff,0.0,f,0,f,f,g,?,5200,anomaly
b,16.50,0.125,u,g,c,v,0.165,f,0,f,f,g,00132,0,anomaly
a,27.33,1.665,u,g,ff,ff,0.0,f,0,f,f,g,00340,1,anomaly
b,31.25,1.125,u,g,ff,ff,0.0,f,1,f,t,g,00096,19,anomaly
b,20.00,7.0,u,g,c,v,0.5,f,0,f,f,g,00000,0,anomaly
b,?,3.0,y,p,i,bb,7.0,f,0,f,f,g,00000,1,anomaly
b,39.50,1.625,u,g,c,v,1.5,f,0,f,f,g,00000,316,anomaly
b,36.50,4.25,u,g,q,v,3.5,f,0,f,f,g,00454,50,anomaly
?,29.75,0.665,u,g,w,v,0.25,f,0,t,f,g,00300,0,anomaly
b,52.42,1.5,u,g,d,v,3.75,f,0,t,f,g,00000,350,anomaly
b,36.17,18.125,u,g,w,v,0.085,f,0,f,f,g,00320,3552,anomaly
b,34.58,0.0,?,?,?,?,0.0,f,0,f,f,p,?,0,anomaly
b,29.67,0.75,y,p,c,v,0.04,f,0,f,f,g,00240,0,anomaly
b,36.17,5.5,u,g,i,bb,5.0,f,0,f,f,g,00210,687,anomaly
b,25.67,0.29,y,p,c,v,1.5,f,0,t,f,g,00160,0,anomaly
a,24.50,2.415,y,p,c,v,0.0,f,0,f,f,g,00120,0,anomaly
b,24.08,0.875,u,g,m,v,0.085,f,4,f,t,g,00254,1950,anomaly
b,21.92,0.5,u,g,c,v,0.125,f,0,f,f,g,00360,0,anomaly
a,36.58,0.29,u,g,ff,ff,0.0,f,10,f,t,g,00200,18,anomaly
a,23.00,1.835,u,g,j,j,0.0,f,1,f,t,g,00200,53,anomaly
a,27.58,3.0,u,g,m,v,2.79,f,1,t,t,g,00280,10,anomaly
b,31.08,3.085,u,g,c,v,2.5,f,2,t,t,g,00160,41,anomaly
a,30.42,1.375,u,g,w,h,0.04,f,3,f,t,g,00000,33,anomaly
b,22.08,2.335,u,g,k,v,0.75,f,0,f,f,g,00180,0,anomaly
b,16.33,4.085,u,g,i,h,0.415,f,0,t,f,g,00120,0,anomaly
a,21.92,11.665,u,g,k,h,0.085,f,0,f,f,g,00320,5,anomaly
b,21.08,4.125,y,p,i,h,0.04,f,0,f,f,g,00140,100,anomaly
b,17.42,6.5,u,g,i,v,0.125,f,0,f,f,g,00060,100,anomaly
b,19.17,4.0,y,p,i,v,1.0,f,0,t,f,g,00360,1000,anomaly
b,20.67,0.415,u,g,c,v,0.125,f,0,f,f,g,00000,44,anomaly
b,26.75,2.0,u,g,d,v,0.75,f,0,t,f,g,00080,0,anomaly
b,23.58,0.835,u,g,i,h,0.085,f,0,t,f,g,00220,5,anomaly
b,39.17,2.5,y,p,i,h,10.0,f,0,t,f,s,00200,0,anomaly
b,22.75,11.5,u,g,i,v,0.415,f,0,f,f,g,00000,0,anomaly
?,26.50,2.71,y,p,?,?,0.085,f,0,f,f,s,00080,0,anomaly
a,16.92,0.5,u,g,i,v,0.165,f,6,t,t,g,00240,35,anomaly
b,23.50,3.165,y,p,k,v,0.415,f,1,t,t,g,00280,80,anomaly
a,17.33,9.5,u,g,aa,v,1.75,f,10,t,t,g,00000,10,anomaly
b,23.75,0.415,y,p,c,v,0.04,f,2,f,t,g,00128,6,anomaly
b,34.67,1.08,u,g,m,v,1.165,f,0,f,f,s,00028,0,anomaly
b,74.83,19.0,y,p,ff,ff,0.04,f,2,f,t,g,00000,351,anomaly
b,28.17,0.125,y,p,k,v,0.085,f,0,f,f,g,00216,2100,anomaly
b,24.50,13.335,y,p,aa,v,0.04,f,0,t,f,g,00120,475,anomaly
b,18.83,3.54,y,p,ff,ff,0.0,f,0,t,f,g,00180,1,anomaly
?,45.33,1.0,u,g,q,v,0.125,f,0,t,f,g,00263,0,anomaly
a,47.25,0.75,u,g,q,h,2.75,t,1,f,t,g,00333,892,normal
b,24.17,0.875,u,g,q,v,4.625,t,2,t,t,g,00520,2000,normal
b,39.25,9.5,u,g,m,v,6.5,t,14,f,t,g,00240,4607,normal
a,20.50,11.835,u,g,c,h,6.0,t,0,f,f,g,00340,0,normal
a,18.83,4.415,y,p,c,h,3.0,t,0,f,f,g,00240,0,normal
b,19.17,9.5,u,g,w,v,1.5,t,0,f,f,g,00120,2206,normal
a,25.00,0.875,u,g,x,h,1.04,t,0,t,f,g,00160,5860,normal
b,20.17,9.25,u,g,c,v,1.665,t,3,t,t,g,00040,28,normal
b,25.75,0.5,u,g,c,v,1.46,t,5,t,t,g,00312,0,normal
b,20.42,7.0,u,g,c,v,1.625,t,3,f,t,g,00200,1391,normal
b,?,4.0,u,g,x,v,5.0,t,3,t,t,g,00290,2279,normal
b,39.00,5.0,u,g,cc,v,3.5,t,10,t,t,g,00000,0,normal
a,64.08,0.165,u,g,ff,ff,0.0,t,1,f,t,g,00232,100,normal
b,28.25,5.125,u,g,x,v,4.75,t,2,f,t,g,00420,7,normal
a,28.75,3.75,u,g,c,v,1.085,t,1,t,t,g,00371,0,normal
b,31.33,19.5,u,g,c,v,7.0,t,16,f,t,g,00000,5000,normal
a,18.92,9.0,u,g,aa,v,0.75,t,2,f,t,g,00088,591,normal
a,24.75,3.0,u,g,q,h,1.835,t,19,f,t,g,00000,500,normal
a,30.67,12.0,u,g,c,v,2.0,t,1,f,t,g,00220,19,normal
b,21.00,4.79,y,p,w,v,2.25,t,1,t,t,g,00080,300,normal
b,13.75,4.0,y,p,w,v,1.75,t,2,t,t,g,00120,1000,normal
a,46.00,4.0,u,g,j,j,0.0,t,0,f,f,g,00100,960,normal
a,44.33,0.0,u,g,c,v,2.5,t,0,f,f,g,00000,0,normal
b,20.25,9.96,u,g,e,dd,0.0,t,0,f,f,g,00000,0,normal
b,22.67,2.54,y,p,c,h,2.585,t,0,f,f,g,00000,0,normal
b,?,10.5,u,g,x,v,6.5,t,0,f,f,g,00000,0,normal
a,60.92,5.0,u,g,aa,v,4.0,t,4,f,t,g,00000,99,normal
b,16.08,0.75,u,g,c,v,1.75,t,5,t,t,g,00352,690,normal
a,28.17,0.375,u,g,q,v,0.585,t,4,f,t,g,00080,0,normal
b,39.17,1.71,u,g,x,v,0.125,t,5,t,t,g,00480,0,normal
?,20.42,7.5,u,g,k,v,1.5,t,1,f,t,g,00160,234,normal
a,30.00,5.29,u,g,e,dd,2.25,t,5,t,t,g,00099,500,normal
b,22.83,3.0,u,g,m,v,1.29,t,1,f,t,g,00260,800,normal
a,22.50,8.5,u,g,q,v,1.75,t,10,f,t,g,00080,990,anomaly
a,28.58,1.665,u,g,q,v,2.415,t,0,t,f,g,00440,0,anomaly
b,45.17,1.5,u,g,c,v,2.5,t,0,t,f,g,00140,0,anomaly
b,41.58,1.75,u,g,k,v,0.21,t,0,f,f,g,00160,0,anomaly
a,57.08,0.335,u,g,i,bb,1.0,t,0,t,f,g,00252,2197,anomaly
a,55.75,7.08,u,g,k,h,6.75,t,3,t,t,g,00100,50,anomaly
b,43.25,25.21,u,g,q,h,0.21,t,1,f,t,g,00760,90,anomaly
a,25.33,2.085,u,g,c,h,2.75,t,0,t,f,g,00360,1,anomaly
a,24.58,0.67,u,g,aa,h,1.75,t,0,f,f,g,00400,0,anomaly
b,43.17,2.25,u,g,i,bb,0.75,t,0,f,f,g,00560,0,anomaly
b,40.92,0.835,u,g,ff,ff,0.0,t,0,f,f,g,00130,1,anomaly
b,23.92,1.5,u,g,d,h,1.875,t,6,f,t,g,00200,327,normal
b,33.17,1.0,u,g,x,v,0.75,t,7,t,t,g,00340,4071,normal
b,48.33,12.0,u,g,m,v,16.0,t,0,f,f,s,00110,0,normal
b,76.75,22.29,u,g,e,z,12.75,t,1,t,t,g,00000,109,normal
b,51.33,10.0,u,g,i,bb,0.0,t,11,f,t,g,00000,1249,normal
b,34.75,15.0,u,g,r,n,5.375,t,9,t,t,g,00000,134,normal
b,38.58,3.335,u,g,w,v,4.0,t,14,f,t,g,00383,1344,normal
a,22.42,11.25,y,p,x,h,0.75,t,4,f,t,g,00000,321,normal
b,41.92,0.42,u,g,c,h,0.21,t,6,f,t,g,00220,948,normal
b,29.58,4.5,u,g,w,v,7.5,t,2,t,t,g,00330,0,normal
a,32.17,1.46,u,g,w,v,1.085,t,16,f,t,g,00120,2079,normal
b,51.42,0.04,u,g,x,h,0.04,t,0,f,f,g,00000,3000,normal
a,22.83,2.29,u,g,q,h,2.29,t,7,t,t,g,00140,2384,normal
a,25.00,12.33,u,g,cc,h,3.5,t,6,f,t,g,00400,458,normal
b,26.75,1.125,u,g,x,h,1.25,t,0,f,f,g,00000,5298,normal
b,23.33,1.5,u,g,c,h,1.415,t,0,f,f,g,00422,200,normal
b,24.42,12.335,u,g,q,h,1.585,t,0,t,f,g,00120,0,normal
b,42.17,5.04,u,g,q,h,12.75,t,0,t,f,g,00092,0,normal
a,20.83,3.0,u,g,aa,v,0.04,t,0,f,f,g,00100,0,normal
b,23.08,11.5,u,g,w,h,2.125,t,11,t,t,g,00290,284,normal
a,25.17,2.875,u,g,x,h,0.875,t,0,f,f,g,00360,0,normal
b,43.08,0.375,y,p,c,v,0.375,t,8,t,t,g,00300,162,normal
a,35.75,0.915,u,g,aa,v,0.75,t,4,f,t,g,00000,1583,normal
b,59.50,2.75,u,g,w,v,1.75,t,5,t,t,g,00060,58,normal
b,21.00,3.0,y,p,d,v,1.085,t,8,t,t,g,00160,1,normal
b,21.92,0.54,y,p,x,v,0.04,t,1,t,t,g,00840,59,normal
a,65.17,14.0,u,g,ff,ff,0.0,t,11,t,t,g,00000,1400,normal
a,20.33,10.0,u,g,c,h,1.0,t,4,f,t,g,00050,1465,normal
b,32.25,0.165,y,p,c,h,3.25,t,1,t,t,g,00432,8000,normal
b,30.17,0.5,u,g,c,v,1.75,t,11,f,t,g,00032,540,normal
b,25.17,6.0,u,g,c,v,1.0,t,3,f,t,g,00000,0,normal
b,39.17,1.625,u,g,c,v,1.5,t,10,f,t,g,00186,4700,normal
b,39.08,6.0,u,g,m,v,1.29,t,5,t,t,g,00108,1097,normal
b,31.67,0.83,u,g,x,v,1.335,t,8,t,t,g,00303,3290,normal
b,41.00,0.04,u,g,e,v,0.04,f,1,f,t,s,00560,0,normal
b,48.50,4.25,u,g,m,v,0.125,t,0,t,f,g,00225,0,normal
b,32.67,9.0,y,p,w,h,5.25,t,0,t,f,g,00154,0,normal
a,28.08,15.0,y,p,e,z,0.0,t,0,f,f,g,00000,13212,normal
b,73.42,17.75,u,g,ff,ff,0.0,t,0,t,f,g,00000,0,normal
b,64.08,20.0,u,g,x,h,17.5,t,9,t,t,g,00000,1000,normal
b,51.58,15.0,u,g,c,v,8.5,t,9,f,t,g,00000,0,normal
b,26.67,1.75,y,p,c,v,1.0,t,5,t,t,g,00160,5777,normal
b,25.33,0.58,u,g,c,v,0.29,t,7,t,t,g,00096,5124,normal
b,30.17,6.5,u,g,cc,v,3.125,t,8,f,t,g,00330,1200,normal
b,27.00,0.75,u,g,c,h,4.25,t,3,t,t,g,00312,150,normal
b,23.17,0.0,?,?,?,?,0.0,f,0,f,f,p,?,0,normal
b,34.17,5.25,u,g,w,v,0.085,f,0,t,f,g,00290,6,normal
b,38.67,0.21,u,g,k,v,0.085,t,0,t,f,g,00280,0,normal
b,25.75,0.75,u,g,c,bb,0.25,t,0,f,f,g,00349,23,normal
a,46.08,3.0,u,g,c,v,2.375,t,8,t,t,g,00396,4159,normal
a,21.50,6.0,u,g,aa,v,2.5,t,3,f,t,g,00080,918,normal
?,20.08,0.125,u,g,q,v,1.0,f,1,f,t,g,00240,768,normal
b,20.50,2.415,u,g,c,v,2.0,t,11,t,t,g,00200,3000,normal
a,29.50,0.46,u,g,k,v,0.54,t,4,f,t,g,00380,500,normal
b,23.42,0.585,u,g,c,h,0.085,t,0,f,f,g,00180,0,anomaly
a,29.58,1.75,y,p,k,v,1.25,f,0,t,f,g,00280,0,anomaly
b,16.17,0.04,u,g,c,v,0.04,f,0,f,f,g,00000,0,normal
b,32.33,3.5,u,g,k,v,0.5,f,0,t,f,g,00232,0,anomaly
b,?,0.04,y,p,d,v,4.25,f,0,t,f,g,00460,0,anomaly
b,47.83,4.165,u,g,x,bb,0.085,f,0,t,f,g,00520,0,anomaly
b,22.67,0.165,u,g,c,j,2.25,f,0,t,f,s,00000,0,normal
a,25.58,0.0,?,?,?,?,0.0,f,0,f,f,p,?,0,normal
b,40.58,3.29,u,g,m,v,3.5,f,0,t,f,s,00400,0,anomaly
b,21.08,10.085,y,p,e,h,1.25,f,0,f,f,g,00260,0,anomaly
a,22.67,0.75,u,g,c,v,2.0,f,2,t,t,g,00200,394,anomaly
a,25.25,13.5,y,p,ff,ff,2.0,f,1,t,t,g,00200,1,anomaly
b,17.92,0.205,u,g,aa,v,0.04,f,0,f,f,g,00280,750,anomaly
b,35.00,3.375,u,g,c,h,8.29,f,0,t,f,g,00000,0,anomaly
