Area,MajorAxisLength,MinorAxisLength,Eccentricity,ConvexArea,Extent,Perimeter,Class
87524,442.2460114,253.291155,0.819738392,90546,0.758650579,1184.04,Kecimen
75166,406.690687,243.0324363,0.801805234,78789,0.68412957,1121.786,Kecimen
90856,442.2670483,266.3283177,0.798353619,93717,0.637612812,1208.575,Kecimen
45928,286.5405586,208.7600423,0.684989217,47336,0.699599385,844.162,Kecimen
79408,352.1907699,290.8275329,0.56401133,81463,0.792771926,1073.251,Kecimen
49242,318.125407,200.12212,0.777351277,51368,0.658456354,881.836,Kecimen
42492,310.1460715,176.1314494,0.823098681,43904,0.665893562,823.796,Kecimen
60952,332.4554716,235.429835,0.706057518,62329,0.74359819,933.366,Kecimen
42256,323.1896072,172.5759261,0.845498789,44743,0.698030924,849.728,Kecimen
64380,366.9648423,227.7716147,0.784055626,66125,0.664375716,981.544,Kecimen
80437,449.4545811,232.3255064,0.856042518,84460,0.674235757,1176.305,Kecimen
43725,301.3222176,186.9506295,0.784258452,45021,0.697068248,818.873,Kecimen
43441,276.6108288,201.8131355,0.683882337,45133,0.690855598,803.748,Kecimen
76792,338.8575454,291.3592017,0.510583813,78842,0.772322237,1042.77,Kecimen
74167,387.7989307,247.8581228,0.769089738,76807,0.680181585,1084.729,Kecimen
33565,261.5543311,167.7084908,0.767374275,35794,0.68155052,751.413,Kecimen
64670,403.0839752,206.4846437,0.858829168,66419,0.75677257,1028.445,Kecimen
64762,354.2939396,235.7524629,0.746473726,66713,0.694998015,981.509,Kecimen
43295,304.2844667,182.8110368,0.799406959,44714,0.713838189,814.68,Kecimen
70699,418.6985723,216.5960537,0.855799392,72363,0.728075054,1061.321,Kecimen
69726,354.1769124,252.529208,0.701160962,71849,0.734398534,1035.501,Kecimen
57346,330.4784385,222.4437485,0.739555027,59365,0.723608833,928.272,Kecimen
82028,397.1149759,268.3337727,0.737169367,84427,0.686375085,1106.355,Kecimen
61251,301.5077895,273.6599414,0.419753707,64732,0.643595671,971.769,Kecimen
96277,447.1345225,275.2161542,0.788128405,97865,0.704057157,1181.921,Kecimen
75620,368.2242844,263.4592554,0.698627251,77493,0.726277372,1059.186,Kecimen
73167,340.055218,276.0151772,0.58410581,74545,0.778736856,1010.474,Kecimen
60847,336.9238696,231.4656959,0.726660229,62492,0.69858783,964.603,Kecimen
81021,347.7500583,297.6406265,0.517134931,82552,0.757559607,1063.868,Kecimen
59902,358.5919148,222.9020273,0.783331958,63250,0.744124224,982.788,Kecimen
88745,429.770355,265.6902361,0.786009488,90715,0.752063524,1162.877,Kecimen
41809,307.5327392,175.085568,0.822113695,43838,0.697444367,828.697,Kecimen
75329,364.2307798,265.8668635,0.683510499,77541,0.723079729,1075.792,Kecimen
61600,350.1827545,225.8427713,0.764243075,63397,0.746829611,972.472,Kecimen
46427,253.8420284,235.9068241,0.369212459,48275,0.684219059,844.312,Kecimen
40861,249.7402266,213.5732718,0.51832833,43096,0.743089401,784.912,Kecimen
55827,305.298843,234.6612245,0.639696077,57724,0.703287982,926.095,Kecimen
54182,366.0666742,192.013274,0.851391425,56450,0.611417674,968.729,Kecimen
77468,405.9365937,245.9897977,0.795479241,79220,0.721545397,1100.676,Kecimen
49882,287.2643272,222.1858727,0.633851884,50880,0.766377827,843.764,Kecimen
95245,397.094114,307.2739224,0.633422315,97988,0.75304396,1201.39,Kecimen
71464,364.1030896,253.7969272,0.717025543,73265,0.715484271,1036.94,Kecimen
77055,375.2501319,262.8124219,0.713783938,79255,0.732267077,1095.283,Kecimen
92384,368.4062138,320.7145792,0.492086934,93772,0.749006827,1135.662,Kecimen
77310,436.5298989,228.2803725,0.852367489,80138,0.631720869,1141.189,Kecimen
57580,330.2283748,232.0553872,0.711474579,60232,0.645103465,992.114,Kecimen
69708,375.4472798,239.1327753,0.770923534,71321,0.727177893,1022.568,Kecimen
41502,260.5126753,205.8650238,0.612809911,43114,0.824319225,790.427,Kecimen
45800,330.0086832,181.6658648,0.834842987,47802,0.732682771,870.387,Kecimen
52623,311.9967579,218.0411235,0.7152614,54175,0.675190536,902.624,Kecimen
44939,317.6167119,183.3152147,0.816632082,46400,0.656177905,845.786,Kecimen
114648,508.1289326,288.9539812,0.822570794,118314,0.681904966,1340.897,Kecimen
65727,403.1942717,210.0732642,0.853542978,67372,0.616981132,1030.155,Kecimen
45683,333.2625321,177.7720961,0.845844473,48787,0.634230657,901.102,Kecimen
111450,478.3109708,298.630592,0.781149506,113256,0.690092879,1298.188,Kecimen
47581,306.8118747,203.097502,0.749538262,49203,0.667775392,861.58,Kecimen
57127,311.6445775,238.6419206,0.643138024,59943,0.693625546,952.023,Kecimen
53006,333.3813698,206.8807081,0.784164747,55456,0.691695375,936.371,Kecimen
69060,328.4888612,275.8888648,0.542783247,72223,0.727023897,1039.551,Kecimen
25387,225.629541,144.618672,0.767577386,26139,0.678144032,619.074,Kecimen
66774,348.5579747,246.4762569,0.707082253,69097,0.692446491,1003.374,Kecimen
47839,312.6013291,198.7512989,0.771855496,50166,0.702770596,868.06,Kecimen
78571,443.8222908,228.7576146,0.856934002,81718,0.642192762,1157.33,Kecimen
64717,342.5767105,245.7320369,0.696759162,66649,0.66254095,997.989,Kecimen
60462,373.3428463,208.1086262,0.830230914,62213,0.665683112,990.547,Kecimen
59370,345.9492049,221.9219567,0.767133811,61464,0.697485902,981.517,Kecimen
54056,332.2676409,208.6190158,0.778322762,55539,0.674553259,912.153,Kecimen
89235,443.5159353,258.9467393,0.811861615,91201,0.655190643,1179.694,Kecimen
51727,321.1271422,208.7667575,0.759843328,52913,0.751889645,903.308,Kecimen
71595,387.3096951,236.7511846,0.791421357,74045,0.718536732,1069.77,Kecimen
95347,451.5261542,280.2261534,0.784111496,99256,0.674956111,1255.245,Kecimen
60449,383.8002498,208.1687832,0.840127895,64346,0.67634488,1054.198,Kecimen
69006,379.3178462,241.8502909,0.77037364,72895,0.697453002,1086.857,Kecimen
68520,373.235638,237.0415232,0.772430874,70759,0.712858926,1049.093,Kecimen
52731,309.9772864,219.7253525,0.70536589,54438,0.695879962,894.48,Kecimen
50570,311.3447951,208.3178983,0.74318078,51743,0.720863268,873.777,Kecimen
75825,391.2043013,248.5002712,0.772332349,77437,0.745370006,1081.339,Kecimen
42637,293.4295802,189.4321576,0.763692969,44052,0.725119048,814.182,Kecimen
76984,425.0481856,233.9734424,0.834859339,78641,0.758754595,1091.754,Kecimen
47851,323.1525189,191.6109615,0.805244577,49187,0.773237024,860.402,Kecimen
51220,328.6476055,202.5088754,0.787598712,52903,0.692470967,896.728,Kecimen
53890,331.0863197,216.5794558,0.756366569,57109,0.704444444,957.132,Kecimen
58650,346.3389582,219.6843649,0.773083296,62380,0.660287081,991.612,Kecimen
98935,387.5169377,326.8987235,0.537014933,100747,0.740420596,1176.6,Kecimen
77587,396.8075663,251.9449198,0.772569894,79970,0.703864647,1100.836,Kecimen
180898,843.9566534,323.1905688,0.923770364,221396,0.454188929,2253.557,Kecimen
71266,390.707154,235.6868033,0.797566261,73002,0.66062887,1034.183,Kecimen
39457,267.5569406,188.7651659,0.708695988,40472,0.697576154,755.822,Kecimen
35237,267.5537786,173.5251032,0.761162183,37418,0.706832223,750.909,Kecimen
49059,301.8003982,210.4672152,0.716709132,50835,0.698607314,867.582,Kecimen
53896,319.0720226,217.6957013,0.731093185,55392,0.745944749,889.626,Kecimen
56469,325.341425,225.1150238,0.721960082,58697,0.685736144,933.896,Kecimen
85156,422.2791325,260.2106227,0.7875856,87057,0.702560887,1140.684,Kecimen
67044,361.2553722,238.2264457,0.751756706,68626,0.756943504,989.016,Kecimen
52243,331.4511469,206.7595988,0.781583108,55774,0.714434188,934.547,Kecimen
38968,269.4020207,185.7275682,0.724374455,40147,0.737583283,769.242,Kecimen
79661,360.0734473,282.7390316,0.619209281,81032,0.779156886,1045.658,Kecimen
59282,329.2425655,233.7746492,0.704163616,60580,0.725925745,920.573,Kecimen
48177,305.784503,202.4661938,0.74939737,49877,0.677642591,860.548,Kecimen
74904,342.8963104,280.1155681,0.57676457,75898,0.731741628,1012.365,Kecimen
81581,424.2783146,245.5074738,0.81557794,83143,0.762382252,1114.736,Kecimen
57820,376.1911744,199.7971077,0.847305856,59968,0.714780201,978.85,Kecimen
57808,309.9716571,241.3665105,0.627430162,58954,0.710346522,911.857,Kecimen
55306,353.1546092,204.126836,0.816029801,57396,0.743990207,973.259,Kecimen
59459,347.1551548,222.109478,0.768542385,61585,0.709619286,966.329,Kecimen
44247,319.7903082,178.6479431,0.829409642,45872,0.677637221,842.121,Kecimen
48945,269.3704112,239.1621656,0.460121209,51456,0.711244478,872.289,Kecimen
68864,343.6762094,261.9884386,0.64720992,71726,0.698347024,1035.022,Kecimen
82826,396.7059122,269.7628551,0.733205484,84981,0.745434745,1115.811,Kecimen
65396,331.5384446,253.2429662,0.645403364,66783,0.764829716,975.425,Kecimen
81572,393.716176,265.8146124,0.737687128,84964,0.698270844,1187.338,Kecimen
44367,322.5040186,176.7089727,0.836525515,46531,0.732999603,883.973,Kecimen
51448,328.289568,202.1603698,0.787903331,52772,0.704805743,877.799,Kecimen
50545,286.87133240000003,227.1597173,0.610712677,51771,0.835454545,847.664,Kecimen
94063,448.1210966,276.607844,0.786758156,99085,0.70929382,1259.451,Kecimen
84129,413.0345598,261.6430865,0.773771049,86242,0.713834797,1144.973,Kecimen
79735,410.9979193,250.2207874,0.793313932,83306,0.749044143,1154.54,Kecimen
90176,390.207341,294.7622385,0.65526509,91793,0.762549046,1136.669,Kecimen
61492,356.4260216,224.163105,0.777470812,65298,0.690843725,1013.202,Kecimen
79532,367.5260058,277.2241619,0.656532102,81603,0.735114151,1075.271,Kecimen
69302,354.9636669,254.4527709,0.697235919,71843,0.701153379,1051.02,Kecimen
52266,320.4425614,213.8574996,0.744715834,54116,0.684289081,923.19,Kecimen
51180,288.6310651,226.6304906,0.619253764,52396,0.737442725,855.997,Kecimen
55787,333.7034529,226.95120789999999,0.733120775,59520,0.688592377,977.425,Kecimen
96064,411.2070534,303.2324524,0.675434094,99609,0.731331126,1223.904,Kecimen
54316,351.8052608,198.4175196,0.825776045,55960,0.655895281,930.627,Kecimen
70941,326.0111541,278.1026598,0.521834977,72330,0.76010929,993.05,Kecimen
55770,293.5806697,243.4806344,0.558731929,57633,0.740165631,900.109,Kecimen
47478,299.8185828,205.2960945,0.72879271,48900,0.720914695,861.179,Kecimen
88197,473.2866901,238.7384529,0.863454506,90297,0.658456829,1193.28,Kecimen
74728,355.310549,270.7408973,0.647596035,76287,0.766676926,1048.675,Kecimen
70788,362.6507703,249.4037249,0.725972018,71954,0.7461579,1003.769,Kecimen
48894,318.0989115,197.4955028,0.783919938,50468,0.663815575,875.174,Kecimen
52051,313.7032602,213.6317375,0.732283957,53550,0.695051277,893.451,Kecimen
53270,336.1488879,204.3070754,0.794099752,55288,0.693692051,922.011,Kecimen
57227,354.43108,207.5949862,0.810518333,59307,0.649981827,953.496,Kecimen
97026,455.9715909,273.0538098,0.800869044,99561,0.671204732,1212.667,Kecimen
58495,368.7395425,205.7578712,0.829838749,61496,0.630103195,998.437,Kecimen
53758,359.5316125,193.4008772,0.842992995,57197,0.710295439,965.068,Kecimen
110616,461.1445532,306.899065,0.74638361,112150,0.752397666,1252.875,Kecimen
49175,281.4314214,224.4858963,0.603110639,50672,0.727613045,845.128,Kecimen
53698,348.2232313,197.7528973,0.823103652,56089,0.731341251,938.705,Kecimen
73125,408.940773,231.2190014,0.824810334,75540,0.656512605,1096.751,Kecimen
50445,308.3589121,208.8552452,0.735695738,51555,0.723225806,851.632,Kecimen
46742,303.5552029,199.4459327,0.753861393,48077,0.70526284,847.792,Kecimen
69317,393.3989966,228.722883,0.813616588,72170,0.661674303,1066.388,Kecimen
75314,392.6515582,246.0756721,0.779258691,77118,0.704712179,1073.768,Kecimen
54428,339.1147492,206.6458262,0.792887194,56175,0.723391813,922.878,Kecimen
39509,286.2315627,180.4373603,0.776279027,41446,0.722972478,790.531,Kecimen
66568,342.2503611,249.5505,0.684358117,68078,0.759917351,993.455,Kecimen
45264,290.5883604,203.3191422,0.714455428,48142,0.656913967,879.832,Kecimen
57980,336.312888,222.6097658,0.74958095,59311,0.777295152,925.795,Kecimen
75114,368.730119,262.4744722,0.702348195,77454,0.740915368,1051.266,Kecimen
78991,362.6408695,279.0908401,0.638518237,80355,0.708897225,1071.385,Kecimen
76253,364.2255696,269.5167915,0.672637467,78443,0.724287614,1070.053,Kecimen
83229,423.844374,253.809071,0.800879085,86345,0.653494033,1153.434,Kecimen
45962,251.1333844,235.3680757,0.348729642,47173,0.742280362,810.195,Kecimen
57766,344.737416,215.1097845,0.78143908,59834,0.737582676,950.721,Kecimen
39669,252.748198,202.2643597,0.599652719,41860,0.663039663,791.464,Kecimen
41050,316.841636,167.3283344,0.849173815,42965,0.641185842,846.833,Kecimen
47771,311.5249871,197.090849,0.774425873,49237,0.683409393,857.776,Kecimen
53389,301.845898,228.5166995,0.653340582,55158,0.715746997,906.666,Kecimen
73319,392.3626656,239.1884853,0.792700937,75653,0.709568466,1075.279,Kecimen
91831,463.3578718,257.9511277,0.830713904,95560,0.710370382,1252.762,Kecimen
71452,397.9614266,239.7987804,0.798067621,73864,0.751833496,1101.502,Kecimen
59970,353.0016249,219.6829418,0.782756248,61834,0.755822747,978.631,Kecimen
51683,325.2398678,208.9148245,0.766419171,54510,0.728442565,928.217,Kecimen
41283,268.1253606,199.6354013,0.667555617,42505,0.732383622,798.515,Kecimen
92735,436.985567,271.5787847,0.783428223,94693,0.704122154,1183.447,Kecimen
44627,297.2593228,194.7602777,0.755467225,46921,0.67518458,848.487,Kecimen
84260,411.3973639,262.9740989,0.769022556,85978,0.686782733,1157.001,Kecimen
59076,350.4871954,216.6793239,0.786002573,61643,0.645498252,988.273,Kecimen
58741,345.4854484,222.3818455,0.765295307,60701,0.714819412,948.233,Kecimen
68627,411.8885236,216.8939999,0.850122963,70932,0.738242255,1097.292,Kecimen
51941,349.2261695,191.8173343,0.835648938,53893,0.708995359,912.259,Kecimen
77161,394.2783917,253.21136,0.766524847,82746,0.671900035,1127.409,Kecimen
85105,382.2899916,288.7584072,0.655334662,88056,0.776944987,1139.446,Kecimen
52508,297.6969009,226.2519485,0.649914023,53588,0.756163594,862.778,Kecimen
39941,251.8477358,208.4681478,0.561090145,41594,0.70757157,777.663,Kecimen
48693,306.5739068,204.2806212,0.745653394,50298,0.740127679,848.422,Kecimen
87858,441.224088,255.6622254,0.815015963,90905,0.708726586,1176.287,Kecimen
67718,373.9240984,233.2332051,0.781628075,71102,0.736994471,1024.993,Kecimen
63968,333.0124213,247.8885463,0.66775371,65403,0.756999834,953.445,Kecimen
43461,333.7059198,169.3095334,0.861733321,45669,0.677934111,867.446,Kecimen
81546,381.3486543,273.8100991,0.696038327,82807,0.711719732,1057.448,Kecimen
43563,296.5221609,188.1957136,0.772777753,45174,0.696283865,817.41,Kecimen
36145,280.7576527,166.5935504,0.804928834,37401,0.812265444,747.161,Kecimen
57741,316.4840294,234.2836291,0.672309707,58976,0.712711069,906.829,Kecimen
69024,372.8219867,237.6598183,0.770481865,70649,0.721042955,1015.771,Kecimen
78982,421.1618485,241.6404129,0.819032478,81442,0.753436549,1102.423,Kecimen
78240,401.9300875,249.8313709,0.783351347,79677,0.757992637,1059.644,Kecimen
87036,384.9699031,289.4539006,0.659291894,88336,0.727896163,1094.59,Kecimen
37569,232.4278475,208.1520065,0.44495009,38874,0.794371379,734.102,Kecimen
79748,441.9342925,231.7175312,0.851517765,81718,0.738448432,1120.963,Kecimen
44156,307.7069822,186.0924236,0.796399015,45285,0.633605969,820.714,Kecimen
87302,392.9101168,284.1790677,0.690568105,89605,0.73824584,1122.16,Kecimen
69312,373.8031053,237.1945766,0.77288661,70719,0.706155633,1001.236,Kecimen
86545,350.1278744,315.7195205,0.432307345,87512,0.785886818,1070.062,Kecimen
59729,337.0434753,231.8092351,0.725926293,62511,0.683711081,966.438,Kecimen
59822,336.5840696,227.9495391,0.735758503,60648,0.700286801,916.044,Kecimen
63452,334.8459883,243.2364806,0.687258427,64925,0.735317295,945.523,Kecimen
61996,333.7476396,243.540245,0.683752754,63641,0.673137894,958.627,Kecimen
74763,391.227169,245.5420203,0.778519786,77508,0.686113099,1063.377,Kecimen
73193,401.072302,235.8289934,0.808863683,75563,0.740115679,1050.909,Kecimen
66508,344.9045201,249.0897821,0.691685086,69240,0.703014672,1001.714,Kecimen
74849,379.9250258,252.6171178,0.746920746,76154,0.735392657,1040.788,Kecimen
38585,274.4450783,180.9575592,0.751829118,39926,0.696593309,762.439,Kecimen
61377,339.7334965,234.0242375,0.724907214,64027,0.705612526,975.553,Kecimen
39547,259.4226253,198.4655312,0.643997206,40765,0.733384022,763.979,Kecimen
49998,301.7807071,212.326943,0.710615819,50857,0.779294866,834.328,Kecimen
49063,294.7482868,217.913109,0.673354968,50732,0.658811365,869.795,Kecimen
46961,343.7885277,177.1367946,0.857040355,48476,0.61463255,891.528,Kecimen
57271,372.6991236,196.9761351,0.848925537,58786,0.769151222,949.936,Kecimen
58909,347.3439411,218.1227905,0.778234722,60379,0.704257176,944.879,Kecimen
51336,321.8844382,206.1461473,0.768012151,53944,0.742600897,898.546,Kecimen
62422,324.5569613,247.707867,0.646140518,64021,0.716062129,947.541,Kecimen
48447,331.0510122,189.9172045,0.819079815,49996,0.625615,883.044,Kecimen
64364,376.6624701,221.6551009,0.808518015,67510,0.654744466,1057.897,Kecimen
72915,414.7180727,229.5557698,0.832834246,76912,0.679771405,1131.096,Kecimen
49414,290.458237,219.4182435,0.65523977,51029,0.711033729,869.188,Kecimen
45723,291.1972864,203.0202207,0.716885111,48658,0.648829289,875.764,Kecimen
64988,371.3536275,226.9099341,0.79160385,67847,0.67011755,1048.186,Kecimen
56709,293.408498,247.7165958,0.535914821,58143,0.778285573,904.508,Kecimen
93559,438.6343535,275.5829735,0.777991385,95750,0.687069934,1198.259,Kecimen
81916,398.326553,265.4181085,0.74565434,85615,0.663072689,1113.144,Kecimen
79274,406.9762258,255.2178271,0.778932753,81976,0.708385459,1110.378,Kecimen
88724,446.4304557,260.3787541,0.812295614,92630,0.656529107,1216.535,Kecimen
65469,374.4662312,227.5389974,0.794215984,68018,0.714438491,1020.029,Kecimen
75799,340.9827093,289.15047,0.530009681,79230,0.741100324,1065.191,Kecimen
76741,383.9821631,258.1339883,0.740319531,79198,0.745202952,1056.74,Kecimen
54219,344.2908319,204.4966891,0.804490914,56526,0.688495238,931.43,Kecimen
52693,283.5042387,242.1139544,0.520265279,54860,0.737749216,895.745,Kecimen
84539,441.5288902,248.3743168,0.826775225,87728,0.687577266,1169.983,Kecimen
34559,264.5151675,168.9830565,0.769339036,36516,0.664187423,750.365,Kecimen
49715,302.3473906,213.3645111,0.708517498,52250,0.650107229,877.43,Kecimen
39716,243.0382802,210.1140569,0.502579995,40598,0.779432833,737.468,Kecimen
46845,264.9672544,225.842499,0.52298617,47739,0.759090614,799.991,Kecimen
52547,358.3657191,189.2067438,0.849262336,54649,0.703402763,929.471,Kecimen
41593,310.6748925,178.3232873,0.818864551,44753,0.572669696,870.063,Kecimen
44460,294.624132,197.5565774,0.741875489,47486,0.647425443,849.225,Kecimen
51145,317.3482375,211.0255917,0.746874181,53531,0.710051367,895.04,Kecimen
43345,323.8592139,175.1857446,0.841066464,46785,0.649275753,877.02,Kecimen
53987,331.3506586,213.1674456,0.765589944,56076,0.673221768,931.117,Kecimen
59514,368.6379093,209.1269246,0.823513752,61469,0.755157975,968.36,Kecimen
85739,380.3703785,288.2561589,0.652451831,87052,0.762151543,1094.576,Kecimen
56096,313.3863101,232.2824399,0.671282476,58701,0.711769781,929.115,Kecimen
46120,300.0971584,201.2063136,0.741936124,49996,0.628971988,907.025,Kecimen
57676,333.9700499,222.2744566,0.746351424,58991,0.688668657,926.255,Kecimen
62064,352.3686704,227.8641444,0.762774955,64811,0.650566038,1004.245,Kecimen
50274,305.3972558,212.2734472,0.718938975,52016,0.687507692,868.951,Kecimen
77225,362.1373458,277.0098428,0.644113015,80872,0.732483472,1110.44,Kecimen
45598,259.8962651,225.6562198,0.496118267,47266,0.741286253,813.276,Kecimen
38545,283.987539,175.4205147,0.786409924,39765,0.760436395,770.59,Kecimen
39439,246.7636115,212.635393,0.507423663,42795,0.646827284,793.005,Kecimen
74109,416.7127171,230.5595405,0.832994182,78032,0.706459362,1095.055,Kecimen
41755,296.7883761,184.1913772,0.784115281,43362,0.691330839,804.559,Kecimen
61463,369.3997455,213.6196205,0.81583235,63117,0.786776754,966.493,Kecimen
43743,300.906335,185.8512318,0.786462407,44836,0.670082721,802.261,Kecimen
73499,346.0510824,275.5139073,0.605079015,76355,0.73124602,1050.012,Kecimen
40403,289.2593164,179.2233834,0.784922337,41209,0.722204347,761.949,Kecimen
62343,348.2887882,232.8200404,0.743740567,63897,0.705620699,979.447,Kecimen
46008,296.8792842,212.0277194,0.699953594,48762,0.69527897,860.58,Kecimen
43495,271.6466724,205.1640687,0.655424446,44535,0.754021912,785.843,Kecimen
50649,327.1109948,199.5409197,0.792393852,52462,0.766294481,875.267,Kecimen
61235,349.0264129,226.8031,0.760091178,63504,0.718720657,974.079,Kecimen
78883,395.1000971,256.9649659,0.759609525,80973,0.678446719,1092.709,Kecimen
58734,367.4839462,205.0210803,0.829904913,59845,0.757476883,945.191,Kecimen
68253,388.4547229,224.7316909,0.815662968,70347,0.746130132,1042.257,Kecimen
62401,394.3975005,203.1386868,0.857153654,64722,0.740084919,1004.349,Kecimen
73046,397.3381636,234.8282406,0.806669001,74242,0.690650883,1037.399,Kecimen
54968,300.9544323,234.38957,0.627246499,56851,0.75133953,893.644,Kecimen
84057,452.7756953,245.2199818,0.840641076,86710,0.622017819,1179.024,Kecimen
90178,466.249387,250.1043018,0.843952802,92321,0.752003469,1180.478,Kecimen
67883,383.1890177,233.3566734,0.793181118,70360,0.697810444,1030.869,Kecimen
43901,304.1003495,191.2982735,0.777354334,46443,0.648741706,884.495,Kecimen
33662,227.2937917,191.1090383,0.54134302,34787,0.792998657,699.415,Kecimen
77043,388.6927274,257.5462902,0.748976897,80094,0.72693048,1112.212,Kecimen
64875,393.214664,212.9548238,0.840653105,67701,0.77052354,1014.789,Kecimen
42609,280.1490165,200.2718741,0.699251006,44944,0.673127962,840.167,Kecimen
79510,380.7191934,267.0341186,0.712773879,81779,0.73159735,1075.307,Kecimen
58857,320.8119081,235.3860453,0.679452185,60597,0.690364202,927.048,Kecimen
67754,349.1971378,251.6796378,0.693207597,69536,0.655261122,1032.358,Kecimen
54842,308.2324435,227.2577315,0.67557273,55879,0.73819523,887.109,Kecimen
78352,408.8096881,245.4408089,0.799715505,80474,0.684273038,1099.512,Kecimen
72447,401.7420402,231.5372369,0.817214876,74481,0.709103722,1055.302,Kecimen
58239,324.2950626,230.9972581,0.70186924,59977,0.721190282,940.22,Kecimen
93879,409.486907,292.9160989,0.698792225,96072,0.767668921,1174.166,Kecimen
68129,381.1754896,230.0560205,0.79733001,70141,0.65970447,1050.867,Kecimen
74426,411.6968203,231.7495984,0.826515979,76449,0.679453706,1071.612,Kecimen
60650,324.3616267,242.2285019,0.665065172,62580,0.721542781,941.486,Kecimen
136340,722.8539172,311.3413551,0.902489762,176818,0.529774048,2098.263,Kecimen
65051,381.2139503,218.2168451,0.81995626,66476,0.644356396,1002.035,Kecimen
72219,376.6504925,249.5294544,0.749065428,74373,0.777794531,1050.221,Kecimen
81405,421.0948928,248.0867654,0.808025921,83634,0.713728344,1148.651,Kecimen
70196,373.1976471,243.8811053,0.756934744,71937,0.690789927,1024.256,Kecimen
69120,352.011403,250.8148535,0.701652699,70274,0.703439853,978.434,Kecimen
56327,297.7657247,241.9344257,0.582962247,58178,0.727739018,915.496,Kecimen
54983,292.8989067,248.4080201,0.529833692,58095,0.725273711,921.613,Kecimen
105020,440.3896311,306.1052886,0.718934015,107423,0.714616222,1228.366,Kecimen
36113,257.6418527,181.1570788,0.71105609,37442,0.694480769,737.637,Kecimen
87429,408.9260276,273.8879417,0.742565182,89063,0.703574648,1120.019,Kecimen
57785,314.4309771,236.183035,0.660138051,58867,0.732865767,903.769,Kecimen
69846,368.4507096,243.9751621,0.749358072,72585,0.676723637,1040.716,Kecimen
81456,404.3163937,258.8920062,0.768107985,83499,0.725472034,1103.153,Kecimen
61959,339.5850181,234.6979363,0.722728935,64424,0.712041464,970.754,Kecimen
61730,376.1885565,210.6115221,0.82858974,63756,0.632188028,989.499,Kecimen
62835,421.1693384,191.1698622,0.891051301,64406,0.786145031,1018.553,Kecimen
52651,340.8169568,204.432884,0.800126045,56217,0.683504044,915.939,Kecimen
67093,353.1098719,243.0010336,0.725545687,68383,0.76069161,972.971,Kecimen
45160,270.5553766,220.1186723,0.581451809,46805,0.686071949,833.117,Kecimen
58989,362.6681085,209.5097184,0.81625629,60916,0.732782609,950.717,Kecimen
44007,359.3755027,161.7023657,0.893051844,48490,0.644743975,901.17,Kecimen
65062,344.309794,242.6836332,0.709365401,65825,0.769218037,948.889,Kecimen
38724,291.0010917,170.7762667,0.809690001,40133,0.780883243,769.691,Kecimen
63514,368.7863065,221.2409483,0.800062704,65057,0.663844642,977.085,Kecimen
46403,306.3041431,196.6171927,0.766786821,48631,0.637631572,843.96,Kecimen
55746,280.3131243,254.6003304,0.418381972,56989,0.730654294,875.659,Kecimen
38153,265.0402262,184.8022541,0.716817189,39564,0.682497943,754.022,Kecimen
66094,323.1877163,261.0119111,0.589707296,67032,0.738719809,944.713,Kecimen
57303,330.0249642,221.9197863,0.740157695,58973,0.716762355,919.044,Kecimen
61289,376.3751871,208.7278098,0.832134559,63997,0.63947956,998.47,Kecimen
55114,317.1723252,222.7534529,0.711870752,56849,0.714254241,909.604,Kecimen
45567,278.5021961,216.7666389,0.627855296,49075,0.714070801,854.724,Kecimen
72215,380.4147762,244.0280812,0.767140615,74175,0.720924428,1048.486,Kecimen
65495,365.3190043,230.5255523,0.775762211,67299,0.697943308,989.581,Kecimen
34977,267.7377387,170.8372462,0.769972704,37747,0.669480333,754.366,Kecimen
76407,373.4424261,264.474304,0.706005483,79086,0.731251436,1074.702,Kecimen
66998,338.5866405,257.3438202,0.649860993,69844,0.757604541,1006.22,Kecimen
57310,351.396481,209.8812282,0.80203462,59225,0.699832704,940.413,Kecimen
79106,404.5731673,252.0663638,0.782187815,81999,0.72851683,1100.85,Kecimen
56837,368.3727265,198.7746557,0.841920242,59040,0.634965144,973.599,Kecimen
53497,352.5027525,194.9811366,0.833092526,54875,0.691175711,921.762,Kecimen
58591,356.4633214,212.119231,0.803676777,60664,0.784413741,970.932,Kecimen
60313,339.6034558,227.7259242,0.741851492,62130,0.726680161,946.487,Kecimen
72483,334.4176092,282.6808891,0.534302927,74945,0.706179792,1052.159,Kecimen
52836,340.4047822,204.3355331,0.799795765,55143,0.817388614,928.274,Kecimen
68119,385.3917044,230.7152076,0.801009823,70719,0.6593012,1026.686,Kecimen
83490,421.8829433,254.3101831,0.797893855,86319,0.70994898,1168.247,Kecimen
74612,430.8651894,229.2867182,0.846647455,79297,0.665346888,1140.399,Kecimen
44081,328.5871474,173.3469657,0.849522441,46287,0.638466441,867.003,Kecimen
39724,271.6656922,189.484632,0.716592623,41587,0.724282537,781.97,Kecimen
89051,418.5556402,274.9231996,0.754031829,92636,0.738675293,1196.03,Kecimen
57612,352.4413648,210.0642098,0.80296515,58810,0.647718841,934.684,Kecimen
65740,348.8811561,245.9761755,0.709164675,69233,0.740815867,1036.517,Kecimen
69997,362.7413898,247.0913226,0.732118179,71994,0.722542219,1010.809,Kecimen
75540,422.0984896,237.6386774,0.82646137,78465,0.705085125,1114.88,Kecimen
46397,310.7243688,192.9038367,0.783953309,48183,0.655278582,850.782,Kecimen
61967,364.7840178,218.5661729,0.800624837,63724,0.687300355,981.059,Kecimen
87149,444.6108356,253.2065911,0.82199021,91704,0.716220548,1189.483,Kecimen
67798,418.4081341,207.825511,0.867919298,69356,0.691026582,1073.138,Kecimen
49604,310.6056284,204.6545873,0.752240304,51007,0.760809215,855.392,Kecimen
88407,412.7569409,275.2848499,0.74510983,90865,0.717962253,1141.296,Kecimen
46601,277.3532801,216.2720505,0.626064816,48457,0.761653373,820.106,Kecimen
53121,350.9683575,195.8674449,0.82978902,56120,0.732663025,930.619,Kecimen
80101,377.616572,272.6713449,0.691804118,82949,0.725486822,1084.306,Kecimen
69781,364.7445188,248.7961897,0.731248797,71504,0.693937827,1024.207,Kecimen
58460,290.7535562,258.3843539,0.458544698,60254,0.774756149,908.357,Kecimen
61792,400.5028283,197.7035112,0.869667343,64962,0.701161946,1026.109,Kecimen
78084,395.2097616,254.3765834,0.765320366,80285,0.703003457,1097.299,Kecimen
63402,372.4843101,224.0094059,0.798953455,66639,0.676634437,1008.276,Kecimen
48809,332.2648929,190.3513649,0.81963199,51847,0.66134168,928.016,Kecimen
49039,285.4020871,220.8199013,0.633533709,50879,0.714770872,841.666,Kecimen
64669,364.5828035,228.8007673,0.778561165,67524,0.655845605,995.692,Kecimen
103377,460.6704313,287.9931727,0.780495845,105569,0.726967785,1230.233,Kecimen
73972,359.2726917,263.3333902,0.680269105,75353,0.754739312,1017.749,Kecimen
47602,296.4930361,206.2251984,0.718479434,49089,0.721187789,840.545,Kecimen
69151,341.6460576,258.3928669,0.654204824,70703,0.75184561,989.917,Kecimen
56518,319.1919279,230.7099964,0.691063598,58879,0.718647085,916.396,Kecimen
86314,390.4129792,282.2148203,0.690992119,87873,0.733663131,1106.033,Kecimen
56477,334.588138,219.1856198,0.755550137,58408,0.685666764,941.429,Kecimen
32097,264.4163841,157.9904179,0.801864322,33699,0.681117902,713.775,Kecimen
71284,356.2592463,256.4883397,0.694027404,72618,0.742975069,1011.054,Kecimen
87937,365.8369921,307.9116981,0.54000213,89581,0.711009953,1099.568,Kecimen
100835,419.7533709,306.9548981,0.682083382,102881,0.752578628,1202.369,Kecimen
66752,370.5036219,231.5511993,0.78065406,69039,0.742390035,1006.028,Kecimen
65999,326.2987214,264.4148773,0.585951613,67971,0.676864225,998.793,Kecimen
70977,362.0635747,256.3830246,0.70609608,73417,0.650222613,1033.87,Kecimen
38569,272.9372082,181.8567206,0.745688178,39909,0.716030818,757.295,Kecimen
53964,368.074061,189.8138686,0.856772375,55662,0.603678181,943.599,Kecimen
79100,413.4963654,246.4047067,0.803054658,81839,0.655148423,1113.607,Kecimen
83071,400.4656882,265.928797,0.747689152,84531,0.718458106,1112.784,Kecimen
31237,262.3470571,155.0257428,0.806731223,32564,0.613910617,718.847,Kecimen
26908,245.7557814,143.7108718,0.811198369,28607,0.693487281,678.815,Kecimen
66797,358.1989179,240.7826944,0.740366108,68732,0.697662517,1006.375,Kecimen
76222,388.8073993,250.6960737,0.764366384,77958,0.73744195,1065.68,Kecimen
46810,297.8913729,201.5349368,0.736407405,48300,0.721307939,836.109,Kecimen
65123,382.3576865,218.8887484,0.819924857,66825,0.764336518,1018.353,Kecimen
65091,392.4932707,216.8275716,0.833555048,69597,0.664193878,1079.752,Kecimen
68400,363.5065315,249.5814954,0.727040805,72981,0.725744843,1079.973,Kecimen
64056,393.6167673,209.630823,0.846382218,65958,0.767873412,1014.268,Kecimen
49821,319.0820631,202.2364946,0.773491106,51829,0.677975097,907.423,Kecimen
80353,394.340189,264.5790871,0.74151054,83419,0.668021782,1120.777,Kecimen
51539,330.7474868,200.9579393,0.794252979,53060,0.72541099,894.039,Kecimen
63827,393.251665,209.1461847,0.846846105,66445,0.66740908,1047.037,Kecimen
89345,435.5508797,262.0614475,0.798738633,91337,0.713846277,1176.657,Kecimen
31275,264.687187,156.3955455,0.806767261,33540,0.658393331,727.561,Kecimen
75431,433.6712228,222.9994167,0.857662466,78125,0.723184154,1103.236,Kecimen
72718,397.902945,235.5598942,0.805935469,74803,0.746867425,1073.916,Kecimen
82886,424.8227093,253.171548,0.803024243,85879,0.648281256,1163.528,Kecimen
67852,353.1242534,247.3352308,0.713731082,69587,0.729512956,983.385,Kecimen
49336,338.4814606,193.0052021,0.821499608,52619,0.656552752,909.681,Kecimen
39368,296.6559478,171.2081645,0.816654393,41361,0.619968504,798.546,Kecimen
51304,350.0425817,189.765438,0.840300429,52949,0.660997732,897.111,Kecimen
91764,433.7681595,270.2860947,0.782132713,93480,0.692924564,1165.084,Kecimen
79252,398.8445645,254.1729295,0.770638009,80799,0.705007428,1074.108,Kecimen
50530,328.9180154,198.2839196,0.797864438,52600,0.681695537,897.796,Kecimen
66063,354.0975248,238.5102532,0.739121421,67503,0.762676056,971.938,Kecimen
73311,391.8675067,239.6017637,0.791294159,74825,0.689966401,1046.52,Kecimen
82793,428.1169055,249.3908796,0.812809305,84950,0.742458211,1130.673,Kecimen
104921,452.8630128,297.0241867,0.754864415,108211,0.726297937,1254.861,Kecimen
59654,350.8999545,219.4898675,0.780219721,62384,0.713052833,979.727,Kecimen
76531,407.6686396,241.3995271,0.805830387,78857,0.731227487,1068.375,Kecimen
57438,344.9801825,215.4342255,0.781038479,58924,0.693394176,935.816,Kecimen
55129,336.021702,210.4280656,0.779635513,56855,0.750401546,910.837,Kecimen
37302,284.3301121,170.5330024,0.800171576,39280,0.721173923,761.131,Kecimen
58357,338.3209626,220.464395,0.758526041,59383,0.738172941,915.379,Kecimen
33615,254.47223,171.0010504,0.740566437,35376,0.788048575,719.935,Kecimen
47555,330.8992812,186.2529038,0.82654621,50165,0.680708836,873.837,Kecimen
71762,387.6741043,236.8736053,0.791621183,73593,0.701677879,1038.741,Kecimen
84677,401.6681425,269.6684468,0.741121199,86777,0.751028843,1118.999,Kecimen
86421,367.1703365,300.7939859,0.573476639,87929,0.748622661,1080.007,Kecimen
90191,431.3669658,272.751395,0.7747273,93719,0.625024255,1179.374,Kecimen
34638,251.7422462,178.341115,0.705783651,35824,0.749399624,713.94,Kecimen
39275,274.0659935,185.4112735,0.736423765,40747,0.712562139,772.501,Kecimen
41458,281.8248824,192.6741159,0.729794954,42792,0.682773386,782.362,Kecimen
85954,405.9151667,272.0833254,0.742093815,87690,0.714817957,1104.717,Kecimen
56589,343.9347569,213.1333342,0.784845746,58274,0.659853078,931.451,Kecimen
39622,280.1124767,185.1922062,0.750266822,40539,0.733007733,766.531,Kecimen
48093,329.9357423,187.0417222,0.823784218,49367,0.745108064,858.386,Kecimen
67404,349.011262,247.6902693,0.704512743,69607,0.745026085,997.276,Kecimen
57838,350.2854586,214.8024505,0.789911277,59449,0.674039717,939.149,Kecimen
58570,355.3995375,214.5674661,0.797184383,60494,0.657557931,962.708,Kecimen
60199,375.2796881,205.4140518,0.836895588,61711,0.736289139,971.185,Kecimen
74254,402.5264818,241.2834392,0.800432782,76702,0.726470473,1080.034,Kecimen
63718,407.5658564,200.2610472,0.870957281,65950,0.7229673,1023.064,Kecimen
28216,245.4012948,150.2455819,0.790668532,30316,0.622292797,683.004,Kecimen
79055,395.3686671,258.275952,0.757139293,82562,0.71950598,1114.488,Kecimen
86141,414.1071647,266.9075277,0.764572839,87883,0.718740092,1146.164,Kecimen
82873,449.409264,239.614078,0.846004564,85648,0.700769491,1148.363,Kecimen
98485,387.7628358,325.7371661,0.54252098,100682,0.729864528,1193.908,Kecimen
53633,313.479956,218.6686172,0.716534018,55147,0.728432118,882.669,Kecimen
63191,335.2416873,243.9723903,0.685841703,64898,0.704603994,977.095,Kecimen
58545,325.1886359,231.9557989,0.700862765,60738,0.700500144,966.758,Kecimen
68931,381.6717342,231.5281935,0.794994961,71336,0.679310549,1067.692,Kecimen
67874,360.0234655,243.2719738,0.737166231,69889,0.678319442,1035.277,Kecimen
61200,323.1744104,246.2883243,0.647469874,64553,0.707449022,997.264,Kecimen
87089,396.4868571,280.2454497,0.70739191,88754,0.742231578,1154.562,Kecimen
59589,383.5712334,201.3818552,0.851091037,62974,0.684081829,1043.187,Kecimen
50312,354.2355512,182.3120807,0.857392304,52070,0.623352166,961.439,Kecimen
41995,259.2088782,210.3507977,0.584337455,43443,0.729700613,801.526,Kecimen
120818,492.6065372,315.2013498,0.768487895,123230,0.672032484,1311.522,Besni
59890,402.4157189,194.6688358,0.875205907,61673,0.719710626,1034.144,Besni
137593,558.0587508,316.7128382,0.823355491,142114,0.677764642,1478.596,Besni
166654,607.9964652,349.6589887,0.818082863,169060,0.753517688,1574.164,Besni
55858,298.8588591,239.8993992,0.596358734,58630,0.681452744,915.13,Besni
105308,473.3133932,284.170622,0.799710534,108094,0.787014132,1259.934,Besni
67468,424.563654,207.8230517,0.87200443,70674,0.611693881,1105.042,Besni
132680,549.8652777,308.392291,0.827917003,136612,0.650653694,1453.895,Besni
154197,582.6121787,343.2602128,0.808005855,160008,0.762219476,1555.816,Besni
225043,740.0037432,390.3008576,0.849597917,229195,0.744187354,1853.893,Besni
66613,433.1941642,199.8147343,0.887265505,70454,0.708950617,1085.157,Besni
141559,594.1144312,306.3100019,0.856845008,146674,0.764489545,1530.598,Besni
77622,460.1429023,226.581322,0.870360472,82990,0.651213128,1205.141,Besni
179668,690.4334163,332.5532581,0.876358889,181954,0.779403089,1681.985,Besni
105091,507.6851162,268.0873433,0.849208116,108296,0.700270537,1295.591,Besni
66938,356.3232835,248.674245,0.71620554,69880,0.708661084,1022.705,Besni
97494,451.7827664,278.2800079,0.787777611,101878,0.689695666,1254.755,Besni
101770,468.6679004,279.8129101,0.802212378,103475,0.785177527,1233.824,Besni
88338,504.4821967,227.1275085,0.892918128,90790,0.727157486,1230.493,Besni
119336,563.5463265,275.3557685,0.872500913,125523,0.668155987,1469.764,Besni
126019,520.6800335,316.1898754,0.794500651,130948,0.694510885,1422.242,Besni
154498,621.3515398,318.5977308,0.858538226,159694,0.750048547,1585.782,Besni
82632,471.3667164,227.3931825,0.875944181,87501,0.633078974,1243.987,Besni
218459,571.2892031,492.2752785,0.507431838,228259,0.731973651,1947.46,Besni
150420,607.7096735,316.8097244,0.853362761,153905,0.642408712,1557.266,Besni
110296,487.6911592,289.9248299,0.804107077,113271,0.687099748,1316.112,Besni
171264,609.6431474,359.2245718,0.807959919,174156,0.771737563,1592.095,Besni
110936,500.9313423,286.2523864,0.820643598,113888,0.732395854,1319.435,Besni
54502,346.457978,204.0812123,0.808096294,56464,0.636111111,927.283,Besni
142415,532.0841297,342.4207326,0.765407249,144862,0.770643939,1449.803,Besni
94282,494.16296,244.8038886,0.868670102,97707,0.702386185,1269.68,Besni
68799,356.5678081,253.2546956,0.703942708,71879,0.700929152,1041.27,Besni
79058,454.4372156,236.9642525,0.853284574,82555,0.578255972,1175.034,Besni
85646,469.7747551,238.5393844,0.861490344,92673,0.6810436,1226.892,Besni
107486,462.8131338,296.0912378,0.768571317,108914,0.759967476,1235.078,Besni
149703,637.8730298,304.6225324,0.878599234,154549,0.593805036,1596.356,Besni
187391,660.6555881,362.3150066,0.836204746,189799,0.71394663,1682.478,Besni
115272,511.4720359,291.5913488,0.821573762,119773,0.62476017,1392.653,Besni
83248,430.0773077,247.8386945,0.817262582,85839,0.66879293,1129.072,Besni
87350,440.7356978,259.2931487,0.808628995,90899,0.636476246,1214.252,Besni
